Sequence,source,label,length,overlap
AAAAAAAAY,MHCBN; DS613,1,9,Yes
AAAAAAADY,DS613,1,9,Yes
AAAAAAARY,DS613,1,9,Yes
AAAAAAAYY,DS613,1,9,Yes
AAAAAADAY,DS613,1,9,Yes
AAAAAARAY,DS613,1,9,Yes
AAAAAAYAY,DS613,1,9,Yes
AAAAADAAY,DS613,1,9,Yes
AAAAARAAY,DS613,1,9,Yes
AAAAAYAAY,DS613,1,9,Yes
AAAADAAAY,DS613,1,9,Yes
AAAARAAAY,DS613,1,9,Yes
AAAAYAAAY,DS613,1,9,Yes
AAADAAAAY,MHCBN; DS613,1,9,Yes
AAAEAAAAY,MHCBN; DS613,1,9,Yes
AAAFAAAAY,MHCBN; DS613,1,9,Yes
AAAGAAAAY,MHCBN; DS613,1,9,Yes
AAAHAAAAY,MHCBN; DS613,1,9,Yes
AAAIAAAAY,MHCBN; DS613,1,9,Yes
AAAKAAAAF,DS613,1,9,Yes
AAAKAAAAY,MHCBN; DS613,1,9,Yes
AAALAAAAY,MHCBN; DS613,1,9,Yes
AAAMAAAAY,MHCBN; DS613,1,9,Yes
AAANAAAAY,MHCBN; DS613,1,9,Yes
AAAPAAAAY,MHCBN; DS613,1,9,Yes
AAAQAAAAY,MHCBN; DS613,1,9,Yes
AAARAAAAY,MHCBN; DS613,1,9,Yes
AAASAAAAF,MHCBN; DS613,1,9,Yes
AAASAAAAI,MHCBN; DS613,1,9,Yes
AAASAAAAK,MHCBN; DS613,1,9,Yes
AAASAAAAL,MHCBN; DS613,1,9,Yes
AAASAAAAM,MHCBN; DS613,1,9,Yes
AAASAAAAP,MHCBN; DS613,1,9,Yes
AAASAAAAR,MHCBN; DS613,1,9,Yes
AAASAAAAV,MHCBN; DS613,1,9,Yes
AAASAAAAW,MHCBN; DS613,1,9,Yes
AAASAAAAY,MHCBN; DS613,1,9,Yes
AAASAAADY,MHCBN; DS613,1,9,Yes
AAASAAAEY,MHCBN; DS613,1,9,Yes
AAASAAAFY,MHCBN; DS613,1,9,Yes
AAASAAAGY,MHCBN; DS613,1,9,Yes
AAASAAAHY,MHCBN; DS613,1,9,Yes
AAASAAAIY,MHCBN; DS613,1,9,Yes
AAASAAAKY,MHCBN; DS613,1,9,Yes
AAASAAALY,MHCBN; DS613,1,9,Yes
AAASAAAMY,MHCBN; DS613,1,9,Yes
AAASAAANY,MHCBN; DS613,1,9,Yes
AAASAAAPY,MHCBN; DS613,1,9,Yes
AAASAAAQY,MHCBN; DS613,1,9,Yes
AAASAAARY,MHCBN; DS613,1,9,Yes
AAASAAASY,MHCBN; DS613,1,9,Yes
AAASAAATY,MHCBN; DS613,1,9,Yes
AAASAAAVY,MHCBN; DS613,1,9,Yes
AAASAAAWY,MHCBN; DS613,1,9,Yes
AAASAAAYY,MHCBN; DS613,1,9,Yes
AAASAADAY,MHCBN; DS613,1,9,Yes
AAASAAEAY,MHCBN; DS613,1,9,Yes
AAASAAFAY,MHCBN; DS613,1,9,Yes
AAASAAGAY,MHCBN; DS613,1,9,Yes
AAASAAHAY,MHCBN; DS613,1,9,Yes
AAASAAIAY,MHCBN; DS613,1,9,Yes
AAASAAKAY,MHCBN; DS613,1,9,Yes
AAASAALAY,MHCBN; DS613,1,9,Yes
AAASAAMAY,MHCBN; DS613,1,9,Yes
AAASAANAY,MHCBN; DS613,1,9,Yes
AAASAAPAY,MHCBN; DS613,1,9,Yes
AAASAAPEY,MHCBN; DS613,1,9,Yes
AAASAAQAY,MHCBN; DS613,1,9,Yes
AAASAARAY,MHCBN; DS613,1,9,Yes
AAASAASAY,MHCBN; DS613,1,9,Yes
AAASAATAY,MHCBN; DS613,1,9,Yes
AAASAAVAY,MHCBN; DS613,1,9,Yes
AAASAAWAY,MHCBN; DS613,1,9,Yes
AAASAAYAY,MHCBN; DS613,1,9,Yes
AAASADAAY,MHCBN; DS613,1,9,Yes
AAASAEAAY,MHCBN; DS613,1,9,Yes
AAASAFAAY,MHCBN; DS613,1,9,Yes
AAASAGAAY,MHCBN; DS613,1,9,Yes
AAASAHAAY,MHCBN; DS613,1,9,Yes
AAASAIAAY,MHCBN; DS613,1,9,Yes
AAASAKAAY,MHCBN; DS613,1,9,Yes
AAASALAAY,MHCBN; DS613,1,9,Yes
AAASAMAAY,MHCBN; DS613,1,9,Yes
AAASANAAY,MHCBN; DS613,1,9,Yes
AAASAPAAY,MHCBN; DS613,1,9,Yes
AAASAQAAY,MHCBN; DS613,1,9,Yes
AAASARAAY,MHCBN; DS613,1,9,Yes
AAASASAAY,MHCBN; DS613,1,9,Yes
AAASATAAY,MHCBN; DS613,1,9,Yes
AAASAVAAY,MHCBN; DS613,1,9,Yes
AAASAWAAY,MHCBN; DS613,1,9,Yes
AAASAYAAY,MHCBN; DS613,1,9,Yes
AAASDAAAY,MHCBN; DS613,1,9,Yes
AAASEAAAY,MHCBN; DS613,1,9,Yes
AAASFAAAY,MHCBN; DS613,1,9,Yes
AAASGAAAY,MHCBN; DS613,1,9,Yes
AAASHAAAY,MHCBN; DS613,1,9,Yes
AAASIAAAY,MHCBN; DS613,1,9,Yes
AAASKAAAY,MHCBN; DS613,1,9,Yes
AAASLAAAY,MHCBN; DS613,1,9,Yes
AAASMAAAY,MHCBN; DS613,1,9,Yes
AAASNAAAY,MHCBN; DS613,1,9,Yes
AAASPAAAY,MHCBN; DS613,1,9,Yes
AAASQAAAY,MHCBN; DS613,1,9,Yes
AAASRAAAY,MHCBN; DS613,1,9,Yes
AAASSAAAY,MHCBN; DS613,1,9,Yes
AAASTAAAY,MHCBN; DS613,1,9,Yes
AAASVAAAY,MHCBN; DS613,1,9,Yes
AAASWAAAY,MHCBN; DS613,1,9,Yes
AAASYAAAY,MHCBN; DS613,1,9,Yes
AAATAAAAY,MHCBN; DS613,1,9,Yes
AAAVAAAAY,MHCBN; DS613,1,9,Yes
AAAWAAAAY,MHCBN; DS613,1,9,Yes
AAAYAAAAY,MHCBN; DS613,1,9,Yes
AADAAAAAY,MHCBN; DS613,1,9,Yes
AADAKAAAY,DS613,1,9,Yes
AADKAAAAY,MHCBN; DS613,1,9,Yes
AADSAAAAY,MHCBN; DS613,1,9,Yes
AAEAAAAAY,MHCBN,1,9,Yes
AAEKAAAAY,MHCBN; DS613,1,9,Yes
AAESAAAAY,MHCBN; DS613,1,9,Yes
AAFSAAAAY,MHCBN; DS613,1,9,Yes
AAGSAAAAY,MHCBN; DS613,1,9,Yes
AAHSAAAAY,MHCBN; DS613,1,9,Yes
AAISAAAAY,MHCBN; DS613,1,9,Yes
AAKSAAAAY,MHCBN; DS613,1,9,Yes
AALSAAAAY,MHCBN; DS613,1,9,Yes
AAMSAAAAY,MHCBN; DS613,1,9,Yes
AANSAAAAY,MHCBN; DS613,1,9,Yes
AAPSAAAAY,MHCBN; DS613,1,9,Yes
AAQSAAAAY,MHCBN; DS613,1,9,Yes
AARAAAAAY,DS613,1,9,Yes
AARAVFLAL,MHCBN,1,9,Yes
AARSAAAAY,MHCBN; DS613,1,9,Yes
AASSAAAAY,MHCBN; DS613,1,9,Yes
AATSAAAAY,MHCBN; DS613,1,9,Yes
AAVSAAAAY,MHCBN; DS613,1,9,Yes
AAWSAAAAY,MHCBN; DS613,1,9,Yes
AAYAAAAAY,DS613,1,9,Yes
AAYSAAAAY,MHCBN; DS613,1,9,Yes
ADAAAAAAY,DS613,1,9,Yes
ADASAAAAY,MHCBN; DS613,1,9,Yes
AEASAAAAY,MHCBN; DS613,1,9,Yes
AEFPDAPDSAAAAY,MHCBN,1,14,No
AEFPDSAAAAY,MHCBN,1,11,No
AEFSAAAAPDAPDY,MHCBN,1,14,No
AEFSAAAAPDY,MHCBN,1,11,No
AEFSAAAAY,MHCBN; DS613,1,9,Yes
AEFSAAAAYPD,MHCBN,1,11,No
AEFSAAAAYPDAPD,MHCBN,1,14,No
AEFSAAPDAAY,MHCBN,1,11,No
AEFSAAPDAPDAAY,MHCBN,1,14,No
AEFSPDAAAAY,MHCBN,1,11,No
AEFSPDAPDAAAAY,MHCBN,1,14,No
AEMGKGSFY,DS613,1,9,Yes
AEPDAPDFSAAAAY,MHCBN,1,14,No
AFAKAAAAF,MHCBN; DS613,1,9,Yes
AFAKAAAAL,MHCBN,1,9,Yes
AFAKAAAAV,DS613,1,9,Yes
AFASAAAAY,MHCBN; DS613,1,9,Yes
AFAYYVKIK,DS613,1,9,Yes
AFENQTRYV,literature,1,9,No
AFYFDSYFA,DS613,1,9,Yes
AGAAAAAAR,MHCBN,1,9,Yes
AGASAAAAY,MHCBN; DS613,1,9,Yes
AGRIDKPILA,literature,1,10,No
AGRIDKPILKA,MHCBN; literature,1,11,No
AHASAAAAY,MHCBN; DS613,1,9,Yes
AIAAAAAAR,MHCBN,1,9,Yes
AIAKAAAAI,MHCBN,1,9,Yes
AIAKAAAAY,MHCBN; DS613,1,9,Yes
AIASAAAAY,MHCBN; DS613,1,9,Yes
AIRLKVFVL,MHCBN; DS613,1,9,Yes
AKAKAAAAF,DS613,1,9,Yes
AKASAAAAY,MHCBN; DS613,1,9,Yes
ALAAAAAAR,MHCBN; DS613,1,9,Yes
ALAKAAAAF,DS613,1,9,Yes
ALAKAAAAI,MHCBN; DS613,1,9,Yes
ALAKAAAAL,DS613,1,9,Yes
ALAKAAAAR,DS613,1,9,Yes
ALAKAAAAY,MHCBN; DS613,1,9,Yes
ALAKAAAFV,DS613,1,9,Yes
ALAKAALAV,DS613,1,9,Yes
ALAKAANAV,DS613,1,9,Yes
ALAKAAPAV,DS613,1,9,Yes
ALAKAAYAV,DS613,1,9,Yes
ALAKAIAAV,DS613,1,9,Yes
ALAKARAAV,DS613,1,9,Yes
ALAKAYAAV,DS613,1,9,Yes
ALAKLAAAV,DS613,1,9,Yes
ALAKNAAAV,DS613,1,9,Yes
ALAKYAAAV,DS613,1,9,Yes
ALASAAAAY,MHCBN; DS613,1,9,Yes
ALDKAAAAY,MHCBN,1,9,Yes
ALEAAAAAY,MHCBN,1,9,Yes
ALEKAAAAY,MHCBN,1,9,Yes
ALFKAAAAV,DS613,1,9,Yes
ALFKDWEEL,DS613,1,9,Yes
ALMKAAAAV,DS613,1,9,Yes
ALMPLYACI,MHCBN; DS613,1,9,Yes
ALMPLYASI,DS613,1,9,Yes
ALSRKVAEL,DS613,1,9,Yes
AMAKAAAAI,MHCBN,1,9,Yes
AMAKAAAAV,MHCBN; DS613,1,9,Yes
AMASAAAAY,MHCBN; DS613,1,9,Yes
ANASAAAAY,MHCBN; DS613,1,9,Yes
ANATKVSLEVSY,literature,1,12,No
ANATKVSLEY,literature,1,10,No
APDEFSAAAAY,MHCBN,1,11,No
AQASAAAAY,MHCBN; DS613,1,9,Yes
AQVPLRPMTYKA,MHCBN; literature,1,12,No
AQWIKWVYG,DS613,1,9,Yes
AQYEIEMPL,DS613,1,9,Yes
ARAAAAAAA,MHCBN; DS613; literature,1,9,Yes
ARAAAAAAK,MHCBN; DS613; literature,1,9,Yes
ARAAAAAAL,MHCBN; DS613; literature,1,9,Yes
ARAAAAAAY,DS613,1,9,Yes
ARAAAAIAK,MHCBN; DS613,1,9,Yes
ARAAAAIAKK,MHCBN,1,10,No
ARASAAAAY,MHCBN; DS613,1,9,Yes
ARFAAAIAK,MHCBN; DS613,1,9,Yes
ARFAAAIAKK,MHCBN,1,10,No
ARIAAAAAK,MHCBN; DS613,1,9,Yes
ARIAAAIAA,MHCBN; DS613,1,9,Yes
ARIAAAIAK,MHCBN; DS613,1,9,Yes
ARIAAAIAKK,MHCBN,1,10,No
ARIAAAIAL,DS613,1,9,Yes
ARIAAAIAR,DS613,1,9,Yes
ARIDKPILA,MHCBN; DS613,1,9,Yes
ARKAAAIAKK,MHCBN,1,10,No
ARLFGIRAK,DS613,1,9,Yes
ARRYQKSTELA,MHCBN; literature,1,11,No
ARVAAAIAKK,MHCBN,1,10,No
ARWAAAAAK,MHCBN,1,9,Yes
ARWAAAIAK,MHCBN,1,9,Yes
ARWAAAIAKK,MHCBN,1,10,No
ARYAAAIAK,DS613,1,9,Yes
ARYAAAIAKK,MHCBN,1,10,No
ARYNASTEL,MHCBN; DS613,1,9,Yes
ARYQKSTEA,MHCBN; DS613; literature,1,9,Yes
ASASAAAAY,MHCBN; DS613,1,9,Yes
ASIAGVQSI,DS613,1,9,Yes
ASVQISFNP,DS613,1,9,Yes
ATAAAAAAR,MHCBN,1,9,Yes
ATASAAAAY,MHCBN; DS613,1,9,Yes
ATDAAAAAY,MHCBN,1,9,Yes
ATDKAAAAY,MHCBN; DS613,1,9,Yes
ATEAAAAAY,MHCBN,1,9,Yes
ATEKAAAAY,DS613,1,9,Yes
AVAAAAAAAK,MHCBN; literature,1,10,No
AVAAAAAAK,MHCBN; DS613,1,9,Yes
AVAAAAAAR,MHCBN,1,9,Yes
AVAKAAAAY,MHCBN; DS613,1,9,Yes
AVASAAAAY,MHCBN; DS613,1,9,Yes
AVVASGFQT,DS613,1,9,Yes
AWASAAAAY,MHCBN; DS613,1,9,Yes
AYAAAAAAY,DS613,1,9,Yes
AYAKAAAAF,MHCBN; DS613,1,9,Yes
AYAKAAAAK,MHCBN; DS613,1,9,Yes
AYAKAAAAL,MHCBN; DS613,1,9,Yes
AYAKAAAAY,MHCBN; DS613,1,9,Yes
AYASAAAAY,MHCBN; DS613,1,9,Yes
AYGLDFYIL,MHCBN,1,9,Yes
AYRVEFDKY,DS613,1,9,Yes
DAASAAAAY,MHCBN; DS613,1,9,Yes
DFKSVADSY,DS613,1,9,Yes
DSIYLDTAR,DS613,1,9,Yes
EAASAAAAY,MHCBN; DS613,1,9,Yes
EADPTGHSY,MHCBN,1,9,Yes
EIRLKVFVL,MHCBN; DS613,1,9,Yes
ERAAAAAAA,literature,1,9,No
ERPLIFLRL,DS613,1,9,Yes
ETVDNKTFRAY,literature,1,11,No
EVDPIGHLY,MHCBN,1,9,Yes
FAASAAAAY,MHCBN; DS613,1,9,Yes
FKYAVKIVK,DS613,1,9,Yes
FLLTRILTI,MHCBN; DS613,1,9,Yes
FLPSDFFPSVR,MHCBN,1,11,No
FNRSPWFTTL,MHCBN,1,10,No
FNRSPWFTTLI,MHCBN,1,11,No
FRYNGLIHR,DS613,1,9,Yes
FTFKPIKLP,DS613,1,9,Yes
FYIDYDSFF,DS613,1,9,Yes
GAASAAAAY,MHCBN; DS613,1,9,Yes
GAIDKPILK,MHCBN; DS613; literature,1,9,Yes
GAVNVVMTF,DS613,1,9,Yes
GEHGLIIRV,DS613,1,9,Yes
GILGFVFTE,MHCBN,1,9,Yes
GILGFVFTR,MHCBN,1,9,Yes
GLFMIDNFY,DS613,1,9,Yes
GLSRPLLRL,DS613,1,9,Yes
GLSRYVARL,MHCBN; DS613,1,9,Yes
GQRKPATSY,DS613,1,9,Yes
GQYGNPLNK,DS613,1,9,Yes
GRAFVTIGK,DS613,1,9,Yes
GRERFEMFR,DS613,1,9,Yes
GRIDKPILA,MHCBN; DS613; literature,1,9,Yes
GRIDKPILK,MHCBN; DS613; literature,1,9,Yes
GRLTKHTKF,DS613,1,9,Yes
HAASAAAAY,MHCBN; DS613,1,9,Yes
HFWNGDRDL,DS613,1,9,Yes
HIKPTSSKY,DS613,1,9,Yes
HLYSHPIIL,DS613,1,9,Yes
HQAISPRTL,DS613,1,9,Yes
IAASAAAAY,MHCBN; DS613,1,9,Yes
IALNASFVR,DS613,1,9,Yes
IISCTCPVT,MHCBN; DS613,1,9,Yes
ILCWGELMTL,MHCBN,1,10,No
ILLLCLIFL,MHCBN,1,9,Yes
ILRGTSFVYV,MHCBN,1,10,No
IRKPYIWEY,DS613,1,9,Yes
ISVIVFKFF,DS613,1,9,Yes
KAASAAAAY,MHCBN; DS613,1,9,Yes
KESTLHLVL,DS613,1,9,Yes
KFKAKKYIF,DS613,1,9,Yes
KGILGFVFTLTV,literature,1,12,No
KIKESFRKL,DS613,1,9,Yes
KIKSFVKVY,DS613,1,9,Yes
KIWEELSVL,DS613,1,9,Yes
KKFKSSKFF,DS613,1,9,Yes
KKTSLEKRM,DS613,1,9,Yes
KKYNASTEL,MHCBN; DS613,1,9,Yes
KLKAAAAV,MHCBN,1,8,Yes
KRFSFKKSF,DS613,1,9,Yes
KRGILTLKY,DS613,1,9,Yes
KRYKSIVKY,DS613,1,9,Yes
KRYNASTEL,MHCBN; DS613,1,9,Yes
KTGGPIYKR,DS613,1,9,Yes
KTQGPSVFF,DS613,1,9,Yes
KVFGPIHER,DS613,1,9,Yes
KVHDMGFEY,DS613,1,9,Yes
KVVNPLFEK,DS613,1,9,Yes
KWDLRRAFH,DS613,1,9,Yes
KYFDEHYEY,DS613,1,9,Yes
KYFSYIIKY,DS613,1,9,Yes
KYPENFFLL,DS613,1,9,Yes
KYTSFPWLL,DS613,1,9,Yes
LAASAAAAY,MHCBN; DS613,1,9,Yes
LESEFQAAL,MHCBN,1,9,Yes
LETSKQYRR,MHCBN; DS613; literature,1,9,Yes
LKFANQVLI,DS613,1,9,Yes
LLDGTATLRL,MHCBN,1,10,No
LLFGYPVYV,DS613,1,9,Yes
LLGSAANWI,DS613,1,9,Yes
LLQEYNWEL,DS613,1,9,Yes
LLSSNLSWL,DS613,1,9,Yes
LQNKSFFGK,DS613,1,9,Yes
LSKLRDIWF,DS613,1,9,Yes
LVVRPVGKV,DS613,1,9,Yes
LYNTVATLY,DS613,1,9,Yes
LYQFSKPGI,DS613,1,9,Yes
MAASAAAAY,MHCBN; DS613,1,9,Yes
MEVDPIGHLY,MHCBN,1,10,No
MFLLSLGIHL,MHCBN,1,10,No
NAASAAAAY,MHCBN; DS613,1,9,Yes
NIIGTDNSV,DS613,1,9,Yes
NKADVILKY,DS613,1,9,Yes
NLQSLTNLL,DS613,1,9,Yes
NQKLQFGRY,DS613,1,9,Yes
NVATLELQF,DS613,1,9,Yes
PLTFGWCYKL,MHCBN,1,10,No
PLTFGWCYKLV,MHCBN,1,11,No
PRKVSVVSF,DS613,1,9,Yes
PVDNKTRAY,literature,1,9,No
QAASAAAAY,MHCBN; DS613,1,9,Yes
QEEEGPSTF,MHCBN,1,9,Yes
QQLYWSHPR,DS613,1,9,Yes
QVDLLNILL,DS613,1,9,Yes
QVPLRMTYA,DS613,1,9,Yes
QVPLRPMTY,MHCBN; DS613; literature,1,9,Yes
QVPLRPMTYA,MHCBN; literature,1,10,No
QVPLRPMTYK,MHCBN; literature,1,10,No
RAAAAAAAY,DS613,1,9,Yes
RAASAAAAY,MHCBN; DS613,1,9,Yes
RAYNASTEL,MHCBN; DS613,1,9,Yes
RAYQKSTEL,MHCBN; DS613; literature,1,9,Yes
RGYRPRFRR,DS613,1,9,Yes
RIDKPILK,MHCBN; literature,1,8,No
RKYNASTEL,MHCBN; DS613,1,9,Yes
RLGLSRPLL,DS613,1,9,Yes
RLGLYRPLL,DS613,1,9,Yes
RLVTLKDIV,DS613,1,9,Yes
RNVWRGFST,DS613,1,9,Yes
RRANASTEL,MHCBN; DS613,1,9,Yes
RRFGDKLNF,DS613,1,9,Yes
RRFNASTEL,MHCBN; DS613,1,9,Yes
RRIKEIVKK,DS613,1,9,Yes
RRIYDLIEL,DS613,1,9,Yes
RRLPIFSRL,DS613,1,9,Yes
RRRWRRLTV,DS613,1,9,Yes
RRSKEITVR,DS613,1,9,Yes
RRTEEENLR,DS613,1,9,Yes
RRVKEVVKK,DS613,1,9,Yes
RRWLPAGDA,DS613,1,9,Yes
RRYAASTEL,MHCBN; DS613,1,9,Yes
RRYNAATEL,MHCBN; DS613,1,9,Yes
RRYNASAEL,MHCBN; DS613,1,9,Yes
RRYNASTAL,MHCBN; DS613,1,9,Yes
RRYNASTDL,MHCBN; DS613,1,9,Yes
RRYNASTEA,MHCBN; DS613,1,9,Yes
RRYNASTEF,MHCBN; DS613,1,9,Yes
RRYNASTEI,MHCBN; DS613,1,9,Yes
RRYNASTEL,MHCBN; DS613; literature,1,9,Yes
RRYNASTELL,MHCBN,1,10,No
RRYPDAVYL,DS613,1,9,Yes
RRYQASTEL,MHCBN; DS613,1,9,Yes
RRYQKSTEA,MHCBN; DS613; literature,1,9,Yes
RRYQKSTEL,MHCBN; DS613; literature,1,9,Yes
RTDGKVFQF,DS613,1,9,Yes
RWGFRDIKQ,DS613,1,9,Yes
RYLKDQQLL,DS613,1,9,Yes
RYNATRGL,MHCBN,1,8,No
RYRPGTVAL,DS613,1,9,Yes
RYWANATRSE,MHCBN; literature,1,10,No
RYWANATRSF,MHCBN; literature,1,10,No
RYWANATRSK,MHCBN,1,10,No
RYWANATRSL,literature,1,10,No
RYWANATRSM,literature,1,10,No
RYWANATRSP,literature,1,10,No
RYWANATRSQ,MHCBN; literature,1,10,No
RYWANATRST,MHCBN; literature,1,10,No
RYWANATRSV,literature,1,10,No
RYWANATRSW,literature,1,10,No
RYWANATRSY,literature,1,10,No
SAASAAAAY,MHCBN; DS613,1,9,Yes
SAWAVVWAK,DS613,1,9,Yes
SAYGEPRKL,MHCBN,1,9,Yes
SFLPSDFFPSV,MHCBN,1,11,No
SFLPSDFFPSVR,MHCBN,1,12,No
SKSFKAAKF,DS613,1,9,Yes
SLYNTVATL,DS613,1,9,Yes
SRAHSSHLK,DS613,1,9,Yes
SRDKTIIMW,DS613,1,9,Yes
SRFAFVVAK,MHCBN; DS613,1,9,Yes
SRFAKKFAK,MHCBN; DS613,1,9,Yes
SRFASFKAK,MHCBN; DS613,1,9,Yes
SRKAVSFAK,MHCBN; DS613,1,9,Yes
SRVASVFAK,MHCBN; DS613,1,9,Yes
SRVAVKSAK,MHCBN; DS613,1,9,Yes
SRWAVVWAA,DS613,1,9,Yes
SRWAVVWAK,MHCBN; DS613,1,9,Yes
SRWAWVKAK,DS613,1,9,Yes
SRYAWVFAK,DS613,1,9,Yes
SRYAWVKAK,DS613,1,9,Yes
SRYWAIRTA,MHCBN,1,9,Yes
SRYWAIRTR,MHCBN; DS613; literature,1,9,Yes
SSKPGDGRW,DS613,1,9,Yes
SVVVASVII,DS613,1,9,Yes
SWTTGWLVV,DS613,1,9,Yes
SYLLPAIVHI,MHCBN,1,10,No
TAASAAAAY,MHCBN; DS613,1,9,Yes
TEDNKTRAY,literature,1,9,No
TFDNKTRAY,literature,1,9,No
TFGVAPSRL,DS613,1,9,Yes
TILQPSLQI,DS613,1,9,Yes
TKDNKTRAY,literature,1,9,No
TMDNKTRAY,literature,1,9,No
TNFEIASRM,DS613,1,9,Yes
TNFLLSLGIHL,MHCBN,1,11,No
TNFLLSLGIHLNPNK,MHCBN,1,15,No
TNKTRIDGQY,literature,1,10,No
TNKTRIDGQYF,literature,1,11,No
TNKTRIDGQYP,literature,1,11,No
TNKTRIDGQYQ,literature,1,11,No
TNKTRIDGQYV,literature,1,11,No
TPGPGVRY,MHCBN,1,8,No
TPGPGVRYPL,MHCBN,1,10,No
TQDNKTRAY,literature,1,9,No
TTDNKTRAY,literature,1,9,No
TVDAPNKTY,literature,1,9,No
TVDENKTAY,literature,1,9,No
TVDFNKTAY,literature,1,9,No
TVDGNKTAY,literature,1,9,No
TVDKNKTAY,literature,1,9,No
TVDMNKTAY,literature,1,9,No
TVDNKTFAY,literature,1,9,No
TVDNKTKAY,literature,1,9,No
TVDNKTPRY,literature,1,9,No
TVDNKTQAY,literature,1,9,No
TVDNKTRAY,literature,1,9,No
TVDNKTRPY,literature,1,9,No
TVDNKTRYP,literature,1,9,No
TVDNKTTAY,literature,1,9,No
TVDNKTVAY,literature,1,9,No
TVDPNKTAY,literature,1,9,No
TVDQNKTAY,literature,1,9,No
TVDTNKTAY,literature,1,9,No
TVDVNKTAY,literature,1,9,No
TVENKTRAY,literature,1,9,No
TVFNKTRAY,literature,1,9,No
TVGNKTRAY,literature,1,9,No
TVMNKTRAY,literature,1,9,No
TVNKTERAY,literature,1,9,No
TVNKTGRAY,literature,1,9,No
TVNKTKRAY,literature,1,9,No
TVNKTMRAY,literature,1,9,No
TVNKTPRAY,literature,1,9,No
TVNKTQRAY,literature,1,9,No
TVNKTVRAY,literature,1,9,No
TVPNKTRAY,literature,1,9,No
TVTNKTRAY,literature,1,9,No
TVVNKTRAY,literature,1,9,No
TYLTSLFRL,DS613,1,9,Yes
VAASAAAAY,MHCBN; DS613,1,9,Yes
VIYTIPWRF,DS613,1,9,Yes
VLFSSDFRI,DS613,1,9,Yes
VLHKRTLGL,DS613,1,9,Yes
VLLDYQGML,MHCBN,1,9,Yes
VRRCPHHER,DS613,1,9,Yes
VRVCACPGR,DS613,1,9,Yes
VSSVLNVSS,DS613,1,9,Yes
VYSYSKIFV,DS613,1,9,Yes
VYYSVIKKA,DS613,1,9,Yes
WAASAAAAY,MHCBN; DS613,1,9,Yes
WEELSVLEVF,MHCBN,1,10,No
YAASAAAAY,MHCBN; DS613,1,9,Yes
YARTNPESF,DS613,1,9,Yes
YEFLWGPRAL,MHCBN,1,10,No
YFDPANGKF,DS613,1,9,Yes
YIFYKFISK,DS613,1,9,Yes
YLGEFSITY,DS613,1,9,Yes
YVSFIKYKY,DS613,1,9,Yes
AEPDFSAAAAY,MHCBN,1,11,No
AGKDPKKTGGPIYKR,MHCBN,1,15,No
ALDAAAAAY,MHCBN,1,9,Yes
ALKAAAAV,MHCBN,1,8,No
ANATKVSY,literature,1,8,No
APDAPDEFSAAAAY,MHCBN,1,14,No
ARFAAAAAK,MHCBN,1,9,Yes
ARSAAAIAKK,MHCBN,1,10,No
ASLSTF,literature,1,6,No
ASLSTFQQM,literature,1,9,No
ASNENMETM,literature,1,9,Yes
AVPLRPMTYA,MHCBN; literature,1,10,No
CLFRGGPRGLLAV,literature,1,13,No
EADPIGHLY,MHCBN,1,9,Yes
EDVPIGHLY,MHCBN,1,9,Yes
EIRRYNASTELLI,MHCBN,1,13,No
EIRRYNASTELLIR,MHCBN,1,14,No
EIRYNASTELR,MHCBN,1,11,No
EKFEKEAAEMGKGSFY,MHCBN,1,16,No
EKFEKEAEMGKGSFY,MHCBN,1,15,No
ESIINFEKL,literature,1,9,No
FAPGNYPA,literature,1,8,No
FAPGNYPAQ,MHCBN,1,9,Yes
FLGGTPVCL,MHCBN,1,9,Yes
FLLAQFTSAI,MHCBN,1,10,No
FLLSLGIHL,MHCBN,1,9,Yes
FLLSLGIHLNPNK,MHCBN,1,13,No
FLPSDFFPSV,MHCBN,1,10,No
FNKSPWFTTLI,MHCBN,1,11,No
GFPVTPQVPLRPMTYK,MHCBN,1,16,No
GGKDSASPRYIFTML,MHCBN,1,15,No
GILGKVFTLTV,MHCBN,1,11,No
GILGKVFTLTVDLEK,literature,1,15,No
GRIDKPIL,MHCBN; literature,1,8,No
IRRYNASTEL,MHCBN,1,10,No
IRRYNASTELL,MHCBN,1,11,No
KKYQKSTEL,literature,1,9,No
KTVVKKDVFRDPALK,MHCBN,1,15,No
LAFLQDVMNILLQYM,MHCBN,1,15,No
LAQNREILKEPVHGV,MHCBN,1,15,No
LKEFNIISE,literature,1,9,No
LLDVPTAAV,MHCBN,1,9,Yes
LLPIFFCLWV,MHCBN,1,10,No
LLPSELTLWVDPYEV,MHCBN,1,15,No
LLVLQAGFFL,MHCBN,1,10,No
MFLPSDFFPSV,MHCBN,1,11,No
MLLAVLYCL,MHCBN,1,9,Yes
MMWYWGPSL,MHCBN,1,9,Yes
MQQTSLSA,literature,1,8,No
NKSPWFTTLI,MHCBN,1,10,No
NTDGSTDYGILQINSRY,literature,1,17,No
PDAPDEFSAAAAY,MHCBN,1,13,No
PDEFSAAAAY,MHCBN,1,10,No
QAPLRPMTYK,MHCBN; literature,1,10,No
QNLLQTEENLLDFVRF,MHCBN,1,16,No
REIRRYNASTELLIR,MHCBN,1,15,No
RRYQKSTE,MHCBN; literature,1,8,No
RYWANATRSA,MHCBN; literature,1,10,No
RYWANATRSH,literature,1,10,No
RYWANATRSI,literature,1,10,No
SDYEGRLIQNSLTI,literature,1,14,No
SIINFEKL,literature,1,8,No
STLELRSRYWAIRTR,MHCBN,1,15,No
TCSRPKSNIVLL,MHCBN,1,12,No
TGDNKTRAY,literature,1,9,No
TNKTRGQIDRFGQY,literature,1,14,No
TNKTRIDGQYK,literature,1,11,No
TNKTRIDGQYR,literature,1,11,No
TNKTRIDGQYT,literature,1,11,No
TVDNKTEAY,literature,1,9,No
TVDNKTGAY,literature,1,9,No
TVDNKTMAY,literature,1,9,No
TVDPNKTY,literature,1,8,No
TVKNKTRAY,literature,1,9,No
TVNKTTRAY,literature,1,9,No
TVQNKTRAY,literature,1,9,No
VAITRIEQQLSPFPFD,literature,1,16,No
VALREIRRYQKSTEL,MHCBN,1,15,No
VLKAAAAV,MHCBN,1,8,No
YLHTLWKAGI,MHCBN,1,10,No
YLVSFFGVNY,MHCBN,1,10,No
YMDGTMSQV,MHCBN,1,9,Yes
AAAAAAAAA,DS613,0,9,Yes
AAASAAAAA,DS613,0,9,Yes
AAASAAAAD,DS613,0,9,Yes
AAASAAAAE,DS613,0,9,Yes
AAASAAAAG,DS613,0,9,Yes
AAASAAAAH,DS613,0,9,Yes
AAASAAAAN,DS613,0,9,Yes
AAASAAAAQ,DS613,0,9,Yes
AAASAAAAS,DS613,0,9,Yes
AAASAAAAT,DS613,0,9,Yes
AAIAAAIAA,DS613,0,9,Yes
ADAKAAAAV,DS613,0,9,Yes
AGAAAAAAK,DS613,0,9,Yes
AGAKAAAAV,DS613,0,9,Yes
AGDRTFQKW,DS613,0,9,Yes
AIAAAAAAK,DS613,0,9,Yes
AIAKAAAAV,DS613,0,9,Yes
AIFVYKSDS,DS613,0,9,Yes
AKAAAAAAK,DS613,0,9,Yes
ALAAAAAAA,DS613,0,9,Yes
ALAAAAAAE,DS613,0,9,Yes
ALAAAAAAK,DS613,0,9,Yes
ALAAAAAAQ,DS613,0,9,Yes
ALAAAAAAT,DS613,0,9,Yes
ALACAAAAV,DS613,0,9,Yes
ALADAAAAV,DS613,0,9,Yes
ALAKAAAAG,DS613,0,9,Yes
ALAKAAAAN,DS613,0,9,Yes
ALAKAAAAV,DS613,0,9,Yes
ALAKAAAEV,DS613,0,9,Yes
ALAKAAAGV,DS613,0,9,Yes
ALAKAAALV,DS613,0,9,Yes
ALAKAAAPV,DS613,0,9,Yes
ALAKAAEAV,DS613,0,9,Yes
ALAKAGAAV,DS613,0,9,Yes
ALAKAPAAV,DS613,0,9,Yes
ALAKEAAAV,DS613,0,9,Yes
ALAKGAAAV,DS613,0,9,Yes
ALAPAAAAV,DS613,0,9,Yes
ALATAAAAV,DS613,0,9,Yes
ALAVAAAAV,DS613,0,9,Yes
ALEKAAAAV,DS613,0,9,Yes
ALKKAAAAV,DS613,0,9,Yes
ALSKAAAAV,DS613,0,9,Yes
ANAAAAAAK,DS613,0,9,Yes
ANAKAAAAV,DS613,0,9,Yes
APAAAAAAK,DS613,0,9,Yes
APAKAAAAF,DS613,0,9,Yes
APAKAAAAV,DS613,0,9,Yes
APAPPPKPM,DS613,0,9,Yes
APASAAAAY,DS613,0,9,Yes
ARAAAAAAE,DS613; literature,0,9,Yes
ATAAAAAAK,DS613,0,9,Yes
AYAAAAAAK,DS613,0,9,Yes
CLCCLLTMV,DS613,0,9,Yes
CLFKDWEEL,DS613,0,9,Yes
DAAAAAAAY,DS613,0,9,Yes
DIDFLIEEI,DS613,0,9,Yes
DLAKAAAAV,DS613,0,9,Yes
DLMGYIPLV,DS613,0,9,Yes
DMAAQITQR,DS613,0,9,Yes
DPALDSEVD,DS613,0,9,Yes
DPTKSSITK,DS613,0,9,Yes
DQNGKYVNP,DS613,0,9,Yes
DSDDKYKAV,DS613,0,9,Yes
DVFRDPALK,DS613,0,9,Yes
DYDASYDKD,DS613,0,9,Yes
EDLRVLSFI,DS613,0,9,Yes
EEFQFIKKA,DS613,0,9,Yes
EEFYVDLER,DS613,0,9,Yes
EIAPVFVLL,DS613,0,9,Yes
EIERLGQDL,DS613,0,9,Yes
EIEVLAKSR,DS613,0,9,Yes
ELAEYLYNI,DS613,0,9,Yes
ELDTISTPQ,DS613,0,9,Yes
ESGPSIVHR,DS613,0,9,Yes
FADAYKIYD,DS613,0,9,Yes
FGDPRQSFR,DS613,0,9,Yes
FIDVRLSPA,DS613,0,9,Yes
FISVKIDFV,DS613,0,9,Yes
FKDYSDKKA,DS613,0,9,Yes
FKGSLTGNM,DS613,0,9,Yes
FKIFKIFSD,DS613,0,9,Yes
FLAKAAAAV,DS613,0,9,Yes
FLAKKPEDK,DS613,0,9,Yes
FLCKQYLNL,DS613,0,9,Yes
FLFPYGNPS,DS613,0,9,Yes
FLIEEIERL,DS613,0,9,Yes
FLTKQYLNL,DS613,0,9,Yes
FLWGPRALV,DS613,0,9,Yes
FVYFDIVIF,DS613,0,9,Yes
FYEFHNSGT,DS613,0,9,Yes
GEFGGFGSV,DS613,0,9,Yes
GEILDVFDA,DS613,0,9,Yes
GEVDVEQHT,DS613,0,9,Yes
GFYPGSIEV,DS613,0,9,Yes
GIFSPGGAI,DS613,0,9,Yes
GILGFVFTL,DS613,0,9,Yes
GKSVLIRDL,DS613,0,9,Yes
GLMQNCNQM,DS613,0,9,Yes
GLYSSTAPI,DS613,0,9,Yes
GLYSSTVPI,DS613,0,9,Yes
GLYSSTVPV,DS613,0,9,Yes
GMAALPRLI,DS613,0,9,Yes
GMRMLLGGN,DS613,0,9,Yes
GRPPQKGSL,DS613,0,9,Yes
GRQKGAGSV,DS613,0,9,Yes
GWHRQTLEE,DS613,0,9,Yes
HEAAAVHGD,DS613,0,9,Yes
HEETPPTTS,DS613,0,9,Yes
HLESLFTAV,DS613,0,9,Yes
HLIDYLVTS,DS613,0,9,Yes
HLLVGSSGL,DS613,0,9,Yes
HLSLRGLPV,DS613,0,9,Yes
HLYQGCQVV,DS613,0,9,Yes
IAIAKKKKK,DS613,0,9,Yes
IEQGSKERK,DS613,0,9,Yes
IIGTDNSVV,DS613,0,9,Yes
IISCTCPTV,DS613,0,9,Yes
IKKVYYSDI,DS613,0,9,Yes
ILHNGAYSL,DS613,0,9,Yes
ILKEPVHGV,DS613,0,9,Yes
ILMHCQTTL,DS613,0,9,Yes
ILRGSVAHK,DS613,0,9,Yes
ILSPFLPLL,DS613,0,9,Yes
IMPKAGLLI,DS613,0,9,Yes
INLAVMFPT,DS613,0,9,Yes
ISDKVVYVD,DS613,0,9,Yes
IVGLNKIVR,DS613,0,9,Yes
IVKDDAYSK,DS613,0,9,Yes
IVTDFSVIK,DS613,0,9,Yes
KADDDKPGA,DS613,0,9,Yes
KAGQVVTIW,DS613,0,9,Yes
KAKFDIDYK,DS613,0,9,Yes
KIKKKDSVS,DS613,0,9,Yes
KKVSIFVYS,DS613,0,9,Yes
KLAKAAAAV,DS613,0,9,Yes
KLHLYSHPI,DS613,0,9,Yes
KLIRDAAEL,DS613,0,9,Yes
KNVRGHSKN,DS613,0,9,Yes
KPGQAGGEA,DS613,0,9,Yes
KPIVQYDNF,DS613,0,9,Yes
KPRSSHPFD,DS613,0,9,Yes
KRAAAAAAA,DS613; literature,0,9,Yes
KSADSKSAA,DS613,0,9,Yes
KSIIISSVI,DS613,0,9,Yes
KWDDRIGPQ,DS613,0,9,Yes
KYAGSDKGQ,DS613,0,9,Yes
LALLIDKMT,DS613,0,9,Yes
LIVSATQPA,DS613,0,9,Yes
LLAQFTSAI,DS613,0,9,Yes
LLDDEAGPL,DS613,0,9,Yes
LLLTVLTVV,DS613,0,9,Yes
LLMMIANES,DS613,0,9,Yes
LMWAKIGPV,DS613,0,9,Yes
LSLQIQTLS,DS613,0,9,Yes
LTLINRNRS,DS613,0,9,Yes
LTRQALPDQ,DS613,0,9,Yes
MVKKQQQAV,DS613,0,9,Yes
NLNNLNVSI,DS613,0,9,Yes
NLSWLSLDV,DS613,0,9,Yes
PAASAAAAY,DS613,0,9,Yes
PANQPINES,DS613,0,9,Yes
PDIYPANLS,DS613,0,9,Yes
PDVWVTVLF,DS613,0,9,Yes
PHIKTHTMK,DS613,0,9,Yes
PKLEASNRY,DS613,0,9,Yes
PLAKAAAAV,DS613,0,9,Yes
PLEEELPRL,DS613,0,9,Yes
PLPIHTAEL,DS613,0,9,Yes
PPETNVELG,DS613,0,9,Yes
PSVSQVLKS,DS613,0,9,Yes
PTAWRSEMN,DS613,0,9,Yes
QLDPARDVL,DS613,0,9,Yes
QLFHLCLII,DS613,0,9,Yes
QPEYSNKSY,DS613,0,9,Yes
QYDEAVAQF,DS613,0,9,Yes
REPSEINVM,DS613,0,9,Yes
RGQVRVNRH,DS613,0,9,Yes
RLLQETELV,DS613,0,9,Yes
RLRPGGKKH,DS613,0,9,Yes
RLSKVAPVI,DS613,0,9,Yes
RPKSNIVLL,DS613,0,9,Yes
RPQMGMLGT,DS613,0,9,Yes
RSQLNLLIA,DS613,0,9,Yes
RTQNVLGEK,DS613,0,9,Yes
SDIKDYYYI,DS613,0,9,Yes
SFNCGSEFF,DS613,0,9,Yes
SILLFHAAF,DS613,0,9,Yes
SKSVAETQE,DS613,0,9,Yes
SLKKGAAAL,DS613,0,9,Yes
SLNFMGYVI,DS613,0,9,Yes
SLYADSPSV,DS613,0,9,Yes
SPRYIFTML,DS613,0,9,Yes
SQSDNYKLQ,DS613,0,9,Yes
SRSAFFKAK,DS613,0,9,Yes
SRSAKFVAK,DS613,0,9,Yes
SSKKYKVKS,DS613,0,9,Yes
TITHKEKIK,DS613,0,9,Yes
TKPTLKGAI,DS613,0,9,Yes
TLWVDPYEV,DS613,0,9,Yes
TNEHQEPVS,DS613,0,9,Yes
TRQSYATSG,DS613,0,9,Yes
VAFAITTKE,DS613,0,9,Yes
VAIGWLSIE,DS613,0,9,Yes
VDRSNKRGR,DS613,0,9,Yes
VLAKAAAAV,DS613,0,9,Yes
VLGGSRHKL,DS613,0,9,Yes
VLQAGFFLL,DS613,0,9,Yes
VMNILLQYM,DS613,0,9,Yes
VRAAAAAAA,DS613,0,9,Yes
VTSPLTVEW,DS613,0,9,Yes
WILRGTSFV,DS613,0,9,Yes
WLSLLVPFV,DS613,0,9,Yes
YAAAAAAAY,DS613,0,9,Yes
YDSMLAIRG,DS613,0,9,Yes
YFVVSIISK,DS613,0,9,Yes
YGKIRDLIV,DS613,0,9,Yes
YHEDIHTYL,DS613,0,9,Yes
YLEPGPVTA,DS613,0,9,Yes
YLLPAIVHI,DS613,0,9,Yes
YMLAEQLDR,DS613,0,9,Yes
YMNGTMSQV,DS613,0,9,Yes
YNVAPLSND,DS613,0,9,Yes
YPLTFGWCY,DS613,0,9,Yes
YQKALSVPK,DS613,0,9,Yes
YSFQPPDEL,DS613,0,9,Yes
YVFAAGPPD,DS613,0,9,Yes
YYEEQHPEL,DS613,0,9,Yes
ARAAAAA,literature,0,7,No
CMTYQRTRALVRTG,literature,0,14,No
CRQETEFFQQNQTGN,literature,0,15,No
EPGNTWDED,literature,0,9,No
HMHGRVHRNFRAVLC,literature,0,15,No
KLIPKDIRG,literature,0,9,Yes
KYNASKTEL,literature,0,9,No
KYTMPRLPVQ,literature,0,10,No
NAKTFANATRSYE,literature,0,13,No
NYSKTGGPIYKR,literature,0,12,No
PKYVKQNTLKLATG,literature,0,14,No
QVPLRPMTYKAAVDLS,literature,0,16,No
RIDKPIL,literature,0,7,No
RYQKSTE,literature,0,7,No
RYQKSTEL,literature,0,8,No
RYWANATRSD,literature,0,10,No
RYWANATRSG,literature,0,10,No
TNKTRIDGQYE,literature,0,11,No
TNKTRIDGQYG,literature,0,11,No
TPDNKTRAY,literature,0,9,No
TVDAEKTAY,literature,0,9,No
TVDAFKTAY,literature,0,9,No
TVDAGKTAY,literature,0,9,No
TVDAKKTAY,literature,0,9,No
TVDAMKTAY,literature,0,9,No
TVDAQKTAY,literature,0,9,No
TVDAVKTAY,literature,0,9,No
TVNKTFRAY,literature,0,9,No
TYQRTRALV,literature,0,9,No
VDNKTAY,literature,0,7,No
VPLRPMT,literature,0,7,No
VPLRPMTY,literature,0,8,No
VPLRPMTYK,literature,0,9,Yes
WISKQEYDESGPSI,literature,0,14,No
YGGFLRRIR,literature,0,9,Yes
